"","gene","score_mag","score_dir","degree"
"1","ENSG00000001561",335.767870099372,134.040213754435,543
"2","ENSG00000001626",282.369139287603,-104.364200114526,311
"3","ENSG00000006071",446.56971607352,177.680520490769,439
"4","ENSG00000007168",258.347524709873,106.729010738218,285
"5","ENSG00000008405",331.419983897769,123.635244414996,508
"6","ENSG00000011566",315.570298542516,126.359555539925,291
"7","ENSG00000012660",422.222718089519,190.711788537541,439
"8","ENSG00000013561",329.252499552443,128.976357954666,301
"9","ENSG00000017260",284.094386664282,113.428713031482,287
"10","ENSG00000019582",356.091762795372,-172.666113896751,542
"11","ENSG00000021574",454.944617311073,185.923734875717,500
"12","ENSG00000022267",494.734433906297,195.964968993892,454
"13","ENSG00000023516",329.65895960261,146.263266090013,481
"14","ENSG00000024422",420.907359289198,-187.90736039317,483
"15","ENSG00000025156",281.493696933435,106.101522817334,370
"16","ENSG00000028839",476.324515959349,195.165897239648,423
"17","ENSG00000034510",301.415406171368,-114.026192388163,314
"18","ENSG00000034693",258.979612701716,100.796970958452,314
"19","ENSG00000034713",531.194053569058,222.241112723222,511
"20","ENSG00000036549",260.215203338916,109.480459678239,287
"21","ENSG00000039523",313.943678004667,-119.253893238747,315
"22","ENSG00000047188",325.149009688514,151.129330109776,522
"23","ENSG00000050438",414.87920726069,159.579422395638,487
"24","ENSG00000053770",346.549370849633,127.600806376648,517
"25","ENSG00000054598",491.106136280044,-193.734705744321,428
"26","ENSG00000054983",230.00647458685,100.515823578958,291
"27","ENSG00000055732",290.506773123493,97.702093783313,301
"28","ENSG00000057252",436.527857673073,168.807526891322,430
"29","ENSG00000058804",324.710162315084,107.061713438965,487
"30","ENSG00000060709",310.208602746547,127.311046439774,343
"31","ENSG00000061918",269.345982745607,112.003666377073,288
"32","ENSG00000062370",298.638483081424,113.69715109283,298
"33","ENSG00000064225",265.858735749804,117.028069892272,308
"34","ENSG00000064313",256.452936957172,101.095422110574,370
"35","ENSG00000065154",287.544368482301,139.875922685288,345
"36","ENSG00000065609",563.814347792789,237.099629963608,488
"37","ENSG00000066422",392.026664613129,168.00736371624,465
"38","ENSG00000066557",160.279835862982,82.9112589078279,247
"39","ENSG00000066583",293.48951008004,129.577052682769,348
"40","ENSG00000067248",290.589828483539,125.83008807281,292
"41","ENSG00000069020",397.898428089226,-156.164226638448,479
"42","ENSG00000069702",345.983508131671,146.036932179225,462
"43","ENSG00000070061",318.740208154326,119.61690599974,294
"44","ENSG00000070087",342.381374301454,138.854614674076,330
"45","ENSG00000070961",396.464967232889,140.364359937788,461
"46","ENSG00000071242",461.662032370918,-181.935604499583,475
"47","ENSG00000071655",314.287493685497,-123.157017966741,309
"48","ENSG00000071794",206.600466280748,90.7902032725116,261
"49","ENSG00000072415",319.856106597666,123.207081426567,325
"50","ENSG00000073792",283.289729490528,-93.4955559325055,308
"51","ENSG00000073910",364.557601428715,150.131107488881,487
"52","ENSG00000075089",421.351850624514,191.902653131253,402
"53","ENSG00000075188",373.964033292936,155.847439362079,462
"54","ENSG00000075218",332.918692245998,-121.970858373185,297
"55","ENSG00000077232",293.140514714212,102.673425043423,312
"56","ENSG00000078304",462.631121281947,200.639551142932,419
"57","ENSG00000079308",431.119652172428,-167.353237518909,437
"58","ENSG00000079689",512.788992049371,221.714415469127,437
"59","ENSG00000080822",311.159842173829,105.727621063899,396
"60","ENSG00000081059",327.221041901335,-114.251265487307,301
"61","ENSG00000081087",377.133018371504,166.034657601801,439
"62","ENSG00000081154",292.401762049752,114.563164072238,296
"63","ENSG00000081181",248.328624086618,109.577492621217,272
"64","ENSG00000081721",517.050175474137,214.223378237234,427
"65","ENSG00000081923",424.458512224692,-169.061688249414,431
"66","ENSG00000082397",270.702064140201,111.117083112095,323
"67","ENSG00000083312",325.177327483796,-133.963645982328,471
"68","ENSG00000085224",339.034914100714,134.365758447609,497
"69","ENSG00000085719",251.582538450095,107.000898267741,282
"70","ENSG00000086619",304.567852399019,113.904308425269,417
"71","ENSG00000087502",432.774660992826,177.180664602723,409
"72","ENSG00000088387",313.910347393451,126.041081052929,410
"73","ENSG00000089818",343.575824894994,134.23232902579,492
"74","ENSG00000089902",475.30101518817,196.734048845763,454
"75","ENSG00000091129",259.356410651553,121.141116438798,330
"76","ENSG00000091140",283.07834077655,109.584077068701,309
"77","ENSG00000091157",272.867215685809,108.541451373786,335
"78","ENSG00000091664",489.631967797712,217.909067079018,406
"79","ENSG00000091972",329.263755946745,129.345224895502,411
"80","ENSG00000092020",414.535239399178,174.702763243842,397
"81","ENSG00000092108",395.976430153296,146.90168176419,477
"82","ENSG00000092964",310.861014378699,122.561488991301,331
"83","ENSG00000094880",297.336852576347,124.885886811362,281
"84","ENSG00000095209",331.024531905448,127.363160806009,314
"85","ENSG00000095951",322.319983760585,118.032467126688,361
"86","ENSG00000096006",392.420821758639,-162.776765132488,405
"87","ENSG00000099194",434.825888450887,191.452359735056,456
"88","ENSG00000099331",318.787207404969,-122.153528640361,333
"89","ENSG00000099812",311.55159112221,-123.59640336421,343
"90","ENSG00000099875",277.630795072225,-109.379766462926,278
"91","ENSG00000099968",316.578119372579,138.098520322093,343
"92","ENSG00000100030",416.298966538137,165.574068320752,450
"93","ENSG00000100220",360.39307917357,146.90732709364,360
"94","ENSG00000100505",495.31366917131,210.106946270144,469
"95","ENSG00000100528",520.909666330995,220.491895405317,468
"96","ENSG00000100557",314.299405792314,103.434841054244,311
"97","ENSG00000100567",440.693960014447,184.315249922881,420
"98","ENSG00000100612",419.027194155142,189.9693698374,513
"99","ENSG00000100614",495.551747957875,208.05046275206,424
"100","ENSG00000100665",251.95657507771,-92.5177645066128,361
"101","ENSG00000100852",328.430334045548,125.707721267511,317
"102","ENSG00000100906",235.334277873904,-78.167430444918,307
"103","ENSG00000101166",297.039274300822,115.201121406644,282
"104","ENSG00000101199",283.958344353771,-110.45268080953,333
"105","ENSG00000101333",282.836346110254,105.151176828432,308
"106","ENSG00000101443",438.019849396367,-200.808374150755,513
"107","ENSG00000101746",335.536195930146,154.72748268204,493
"108","ENSG00000101751",307.41826073009,124.819704601552,287
"109","ENSG00000101825",424.564391931602,-167.50810105701,430
"110","ENSG00000101843",467.919632969641,205.644672605705,410
"111","ENSG00000101856",284.028252948348,118.623095623558,297
"112","ENSG00000101901",457.210211055468,181.507538091384,422
"113","ENSG00000102048",299.544643029498,115.277979847274,341
"114","ENSG00000102189",281.058116046028,101.586226652915,309
"115","ENSG00000102554",482.406298758638,-189.662555662888,459
"116","ENSG00000103335",290.533307010507,-111.833398161905,335
"117","ENSG00000103460",304.965899144464,126.562882056168,299
"118","ENSG00000103534",268.824425946184,-59.7057654545949,351
"119","ENSG00000103811",395.821621216887,-159.07836453675,408
"120","ENSG00000104112",310.291757138953,135.186224390555,410
"121","ENSG00000104231",250.233608979137,96.2282920369474,284
"122","ENSG00000104290",294.787880351316,106.245748436557,391
"123","ENSG00000104518",298.383265862392,-115.153558626425,317
"124","ENSG00000104695",373.872302519121,150.989326519334,491
"125","ENSG00000104765",496.029538802875,222.448708951698,424
"126","ENSG00000104859",288.147489410931,-94.8091868623343,298
"127","ENSG00000104897",372.4345176523,-159.226690915864,543
"128","ENSG00000105137",313.823995718835,-121.584129554704,320
"129","ENSG00000105261",321.228063930006,-116.053077790427,388
"130","ENSG00000105327",310.452841770791,-113.311819575857,326
"131","ENSG00000105612",300.475039371711,-117.038347129609,336
"132","ENSG00000105808",419.425993012544,180.502692297884,534
"133","ENSG00000106028",373.016381413333,157.960739939299,499
"134","ENSG00000106211",505.84271868654,-201.081089914651,422
"135","ENSG00000106524",277.141605710167,115.895928588668,452
"136","ENSG00000106538",427.740134248111,-186.032599730276,453
"137","ENSG00000106772",262.898587705288,91.5761390683955,345
"138","ENSG00000106927",331.857136712313,-123.111332162665,480
"139","ENSG00000107295",337.747971360046,132.293981120486,336
"140","ENSG00000107566",279.570040743262,108.169687164093,344
"141","ENSG00000107798",384.235672968638,152.975501880236,504
"142","ENSG00000107938",301.373694315027,119.474199086003,436
"143","ENSG00000108055",343.915678298495,124.900822019084,514
"144","ENSG00000108406",337.76012186926,152.73393438281,464
"145","ENSG00000108588",293.190575648233,127.407521415079,280
"146","ENSG00000108666",336.647898668437,132.018387511168,303
"147","ENSG00000108846",383.011173518629,-145.188183067005,540
"148","ENSG00000108924",310.671857372751,113.15176183912,305
"149","ENSG00000108946",357.155472381239,158.869004485257,489
"150","ENSG00000109133",405.110843673034,174.762919078544,434
"151","ENSG00000109270",458.96439659186,199.527853005887,430
"152","ENSG00000109472",321.1286656628,129.925932745269,352
"153","ENSG00000109572",339.176318746282,131.812407866559,409
"154","ENSG00000109775",320.09201032114,142.070672769065,520
"155","ENSG00000109929",257.799411874567,110.681326029101,285
"156","ENSG00000110042",321.448039351837,-113.634526479251,468
"157","ENSG00000110429",289.097889392254,126.053955328487,287
"158","ENSG00000110435",312.347852366894,118.372880035271,296
"159","ENSG00000110719",312.883137212265,-123.698153656832,304
"160","ENSG00000110931",307.402355101385,-124.364081446496,288
"161","ENSG00000111276",485.07279571952,217.646891882107,420
"162","ENSG00000111319",413.298503028655,-156.423097517287,421
"163","ENSG00000111554",296.596129347067,121.92809742195,485
"164","ENSG00000111647",267.996948684245,130.166887325564,386
"165","ENSG00000111711",383.20095629793,131.077301633035,535
"166","ENSG00000111726",301.841674957913,123.351206923661,302
"167","ENSG00000111802",426.586959033406,201.633509192733,460
"168","ENSG00000111816",326.305141771647,122.076702234992,302
"169","ENSG00000111875",193.759110958696,81.4122946382265,277
"170","ENSG00000111897",252.373459876763,91.762223721211,318
"171","ENSG00000112033",240.258700333923,-101.100597688694,288
"172","ENSG00000112701",265.406072189874,118.3215082597,280
"173","ENSG00000113161",257.142521483706,107.373571265275,313
"174","ENSG00000113597",272.545435372396,104.844155329959,290
"175","ENSG00000114200",363.427684648596,158.668124470702,508
"176","ENSG00000114554",325.267082209055,-141.705360868117,384
"177","ENSG00000114850",453.839716342437,164.716118453151,507
"178","ENSG00000115020",199.574221157514,98.7510282779629,286
"179","ENSG00000115271",516.830489844051,223.013639248355,414
"180","ENSG00000115364",315.24640061863,136.791544738436,306
"181","ENSG00000115386",263.00410270572,-105.373914420039,362
"182","ENSG00000115446",462.733853965753,201.017366046024,407
"183","ENSG00000115828",525.332402100843,219.847514926138,438
"184","ENSG00000115977",363.023026558854,-180.620092448173,508
"185","ENSG00000116005",321.330536917036,127.65438915843,333
"186","ENSG00000116151",311.675515930499,-121.014492712336,317
"187","ENSG00000116171",273.696690823309,127.758614390413,319
"188","ENSG00000116675",309.968248470537,133.895274945949,308
"189","ENSG00000116791",287.093529187234,85.6181899466478,377
"190","ENSG00000117054",328.613749713763,132.758497178671,320
"191","ENSG00000117118",286.776790514991,124.572797925637,334
"192","ENSG00000117152",375.960837541877,159.990150803764,394
"193","ENSG00000117174",287.957934621363,138.970914995248,432
"194","ENSG00000117335",313.97246469138,146.645166993369,439
"195","ENSG00000117625",278.125949478295,106.455691752026,318
"196","ENSG00000117643",325.392106099124,122.115527307668,403
"197","ENSG00000118402",514.797675282525,207.591520212759,530
"198","ENSG00000118495",501.10322393069,209.836613670341,470
"199","ENSG00000118564",419.398004223412,177.19824912525,452
"200","ENSG00000118596",545.455847753533,-221.474596924858,451
"201","ENSG00000118762",307.060817050552,106.729840307452,306
"202","ENSG00000119616",353.555694115557,123.01327234597,467
"203","ENSG00000119630",334.140666840221,-119.709776429405,303
"204","ENSG00000119820",334.19302497618,119.364314029412,304
"205","ENSG00000119929",291.451989576415,124.882212328479,289
"206","ENSG00000120008",310.727893797761,124.848883955653,293
"207","ENSG00000120498",303.168501090901,-107.615990834615,291
"208","ENSG00000121351",426.553009861094,174.478561949062,414
"209","ENSG00000121440",322.534404551669,134.673913488642,300
"210","ENSG00000121486",288.6144083709,107.29461960753,297
"211","ENSG00000121644",440.43722725489,192.220288850931,545
"212","ENSG00000121879",231.050764298748,91.8942790735526,259
"213","ENSG00000123091",557.074887232457,234.128236504772,455
"214","ENSG00000123268",325.487019438413,129.664037250683,466
"215","ENSG00000123728",522.691503061305,229.092664183485,428
"216","ENSG00000123739",465.171770789665,178.477177655586,480
"217","ENSG00000124107",406.029884237466,-177.221653267394,516
"218","ENSG00000124145",503.86306019654,-197.058136087638,423
"219","ENSG00000124198",306.723271634035,124.389732958224,296
"220","ENSG00000124205",379.878690843071,152.034353565671,441
"221","ENSG00000124766",438.982757608057,-182.202659586254,451
"222","ENSG00000125144",445.946277295402,-173.535020588007,422
"223","ENSG00000125618",514.759963641549,-219.684729031949,455
"224","ENSG00000125730",367.81446307367,-153.834681866942,516
"225","ENSG00000125815",335.802509020145,-119.866989300604,310
"226","ENSG00000125820",297.60723516217,118.68134998603,293
"227","ENSG00000125827",497.900532237969,224.320157401722,492
"228","ENSG00000125851",508.165321757693,214.843684306902,542
"229","ENSG00000126804",326.213144144393,141.989121248349,441
"230","ENSG00000126947",328.032263155943,132.847831137284,293
"231","ENSG00000127337",318.594267460546,114.39153501544,301
"232","ENSG00000127526",332.80132452792,-141.954408811213,459
"233","ENSG00000127870",368.6846454606,173.062750043211,405
"234","ENSG00000127955",311.190041181964,125.485748872623,304
"235","ENSG00000127990",300.268575680991,116.791140935565,329
"236","ENSG00000127995",276.788866848254,95.5747845329979,298
"237","ENSG00000128422",272.610470792082,-110.230028468388,314
"238","ENSG00000128590",474.98811293068,202.470088451088,467
"239","ENSG00000130175",420.920587712251,-171.254564755233,492
"240","ENSG00000130208",307.557241924161,-120.044545951194,296
"241","ENSG00000130707",440.190907008884,-165.128766529948,429
"242","ENSG00000130821",254.904227583454,-109.842596058539,323
"243","ENSG00000131115",269.103893217068,104.437267233662,373
"244","ENSG00000131171",332.666153250749,138.607778107696,404
"245","ENSG00000131711",276.527983599718,102.932336621567,292
"246","ENSG00000132329",294.124220716613,-112.321039393842,356
"247","ENSG00000132359",481.133194262853,191.40630911274,423
"248","ENSG00000132463",289.613166083129,111.505542235348,299
"249","ENSG00000132639",496.612154474893,194.881822847295,437
"250","ENSG00000132640",296.912522728235,120.959501712744,290
"251","ENSG00000132938",515.812243013466,208.017270014949,429
"252","ENSG00000132964",272.824971368,108.438032678225,289
"253","ENSG00000133116",324.807099050902,125.981364372676,328
"254","ENSG00000133265",356.95352240973,-144.577772238487,515
"255","ENSG00000133275",292.596517292001,-91.5447970686621,301
"256","ENSG00000133401",315.40300346465,133.238988146972,341
"257","ENSG00000134121",309.95616605259,107.652056500723,296
"258","ENSG00000134313",255.383700938166,110.942403937118,289
"259","ENSG00000134398",315.345945945146,-112.566810581324,295
"260","ENSG00000134548",538.366872304062,-219.742759019341,471
"261","ENSG00000134827",286.12599320957,-79.6294383815726,305
"262","ENSG00000134970",312.217867339193,112.958974578878,316
"263","ENSG00000135049",482.522418501502,200.996423373595,436
"264","ENSG00000135447",284.444694146899,100.098210191069,302
"265","ENSG00000135480",453.648669576617,-182.17666307807,416
"266","ENSG00000135625",350.585300327967,-136.543382892833,493
"267","ENSG00000135842",302.392597436288,-95.3921894634228,313
"268","ENSG00000136040",502.493463961292,209.995151599049,418
"269","ENSG00000136111",305.286169646791,116.881008473382,323
"270","ENSG00000136143",319.096219168671,126.505380557272,292
"271","ENSG00000136144",322.788066390128,129.989152738824,335
"272","ENSG00000136159",353.409207401101,143.048116882966,357
"273","ENSG00000136161",456.412316289259,183.114235168157,431
"274","ENSG00000136247",309.880823598975,115.664589161844,307
"275","ENSG00000136381",266.77334318521,94.0813055995729,336
"276","ENSG00000136636",335.037112930704,136.615319238655,292
"277","ENSG00000136750",443.467354107121,186.297839990574,417
"278","ENSG00000136819",438.244376556273,177.383324187052,534
"279","ENSG00000136854",318.621897789428,120.689694781539,290
"280","ENSG00000136960",315.861543857381,126.95508916642,292
"281","ENSG00000137040",264.90196246524,107.92275759824,295
"282","ENSG00000137210",261.435842606942,103.193666206212,287
"283","ENSG00000137392",289.705043002311,-101.164219006469,302
"284","ENSG00000137500",455.859230750554,185.529187684044,438
"285","ENSG00000137814",312.508928445462,-115.693917664635,314
"286","ENSG00000137876",414.17141099062,180.661432646245,408
"287","ENSG00000137942",300.336555348978,124.28132318258,317
"288","ENSG00000137992",357.847381352371,-127.90572846266,368
"289","ENSG00000138036",296.884970260726,112.247410419784,300
"290","ENSG00000138078",305.784880695476,105.356808496423,317
"291","ENSG00000138161",266.110449490466,-96.8694993670922,304
"292","ENSG00000138207",246.257488047319,96.049906503388,293
"293","ENSG00000138459",332.361009992652,123.663039966188,317
"294","ENSG00000138604",318.859276491631,109.53427959588,310
"295","ENSG00000138663",397.755074496687,176.695508487468,397
"296","ENSG00000138757",255.557955856633,69.4683010079228,349
"297","ENSG00000138802",292.808523375059,127.007971450345,290
"298","ENSG00000139163",289.633004104344,110.604317322154,295
"299","ENSG00000139842",410.787510788182,176.542027102136,526
"300","ENSG00000139970",474.332792748257,199.079813244555,416
"301","ENSG00000140374",231.384990470899,99.8507240432421,320
"302","ENSG00000140395",520.589338322786,222.642013623979,436
"303","ENSG00000140396",422.297898582253,179.819225057898,522
"304","ENSG00000140471",355.296576670996,119.488330979356,456
"305","ENSG00000140835",369.665188377086,-131.247237892914,524
"306","ENSG00000141198",303.991189253421,113.575467647492,353
"307","ENSG00000141867",322.916079289038,-124.785497316039,297
"308","ENSG00000142089",291.635817140378,-119.004458478125,298
"309","ENSG00000142227",304.645566315737,-121.411006630528,298
"310","ENSG00000142546",317.90110401996,-122.479601881679,299
"311","ENSG00000142615",366.821783729033,-163.984762985958,400
"312","ENSG00000142634",317.002791643367,-116.808308130938,305
"313","ENSG00000142875",436.105356159844,185.906004805394,404
"314","ENSG00000143156",259.393170974749,108.265140574504,269
"315","ENSG00000143337",422.29427211457,173.015427876529,411
"316","ENSG00000143952",338.662647369265,127.408244768568,485
"317","ENSG00000144749",419.027698110406,186.479703603295,456
"318","ENSG00000144837",286.250301991045,101.570138672051,293
"319","ENSG00000144891",287.353032934893,106.694254038472,312
"320","ENSG00000145439",280.855487769966,111.155256715694,303
"321","ENSG00000145545",453.58162886516,184.513250619481,541
"322","ENSG00000145569",350.581721375683,142.972856926652,477
"323","ENSG00000145781",296.457872910221,107.821146353759,429
"324","ENSG00000145901",323.929979012868,-120.419954844393,314
"325","ENSG00000146476",423.451685570612,193.803260845646,472
"326","ENSG00000147224",392.175181532956,160.01408240262,460
"327","ENSG00000147231",289.315665756838,119.561039318778,418
"328","ENSG00000147488",554.41540618522,245.683974959675,466
"329","ENSG00000147592",305.254398540254,130.756210550591,351
"330","ENSG00000147650",309.774021883366,113.138571512574,304
"331","ENSG00000147852",292.259024002233,60.322617844689,407
"332","ENSG00000148229",479.913900776483,204.981420336367,416
"333","ENSG00000148346",294.217012657318,-113.137071316055,332
"334","ENSG00000148572",509.989459168303,216.90202022894,423
"335","ENSG00000148798",540.249135857848,222.866044642181,424
"336","ENSG00000149131",412.888184728524,-186.861407035952,407
"337","ENSG00000149313",360.406285982898,163.20052764345,489
"338","ENSG00000150961",326.627916283671,116.969959997435,339
"339","ENSG00000151623",295.489118265953,110.675443919358,309
"340","ENSG00000151726",286.343697976501,129.259989066075,414
"341","ENSG00000151881",280.441692486985,115.170970441964,312
"342","ENSG00000152700",311.320505245455,124.302803387578,319
"343","ENSG00000152944",218.461754172816,90.5925614633137,266
"344","ENSG00000153002",258.258557505202,-98.6349757701916,286
"345","ENSG00000153132",407.484856195259,189.143673867715,400
"346","ENSG00000153140",465.74705265479,209.843667183706,409
"347","ENSG00000153201",276.519384649564,109.189269537809,295
"348","ENSG00000153485",308.255486854591,128.3729770303,323
"349","ENSG00000153989",337.394383259789,115.315886801928,355
"350","ENSG00000154059",313.483291860054,109.925092751398,299
"351","ENSG00000154277",333.269429703661,127.615840450268,311
"352","ENSG00000154518",532.55949730721,221.529250040985,429
"353","ENSG00000155093",480.886268706064,194.837647955003,408
"354","ENSG00000155096",161.98433345449,62.7018084546327,235
"355","ENSG00000155304",209.627132007287,86.9671805200948,252
"356","ENSG00000155324",310.861828908523,123.851851168624,298
"357","ENSG00000155561",311.135227115613,115.053505208951,330
"358","ENSG00000155850",475.340084307824,179.004047448925,444
"359","ENSG00000155876",537.875854477229,218.403133179619,429
"360","ENSG00000156011",278.450310528431,107.141417726052,317
"361","ENSG00000156136",427.727583284486,181.496485543187,403
"362","ENSG00000156162",283.968602469056,115.195648039391,285
"363","ENSG00000156256",198.972763515326,94.7003725816373,369
"364","ENSG00000156413",417.304970798856,-162.417029033252,480
"365","ENSG00000156795",303.154049756224,114.878699018688,422
"366","ENSG00000157064",458.362073350786,182.720186707005,495
"367","ENSG00000157613",307.558252831873,-120.290124695707,295
"368","ENSG00000157869",482.761050534844,193.853978747188,452
"369","ENSG00000158092",476.116674883422,190.362109510177,418
"370","ENSG00000158516",328.362714046197,-123.690163773886,302
"371","ENSG00000159082",414.512385955244,180.974385370029,422
"372","ENSG00000159593",282.660708305194,126.897142663187,387
"373","ENSG00000160182",370.980980340683,-136.435452729639,530
"374","ENSG00000160305",309.455155414877,-119.764356115294,348
"375","ENSG00000160551",321.949191370647,-139.233632846704,327
"376","ENSG00000160716",325.301513887092,-131.367226077636,301
"377","ENSG00000160789",352.372375036582,-140.165734191088,521
"378","ENSG00000160888",351.596919549067,-135.161429539463,507
"379","ENSG00000160999",299.099677050363,-112.831295084773,294
"380","ENSG00000161944",329.197380095052,-120.689505020852,326
"381","ENSG00000162032",316.576714884912,-114.596602818942,295
"382","ENSG00000162366",397.547890998151,-145.918696467184,473
"383","ENSG00000162627",249.610778154094,78.8080738982121,352
"384","ENSG00000162630",291.396559440456,98.1830119178864,413
"385","ENSG00000162645",320.043190458651,-127.951227458471,332
"386","ENSG00000162851",215.715110801258,113.788281524463,323
"387","ENSG00000162992",514.177763810877,223.154745368206,465
"388","ENSG00000163581",300.620344949024,133.157420759467,359
"389","ENSG00000163631",348.700425496887,-117.315846281406,411
"390","ENSG00000163818",202.526968909932,88.7076402877901,274
"391","ENSG00000163950",516.827299362755,234.242550345326,429
"392","ENSG00000164266",401.839948593331,-142.22678467607,485
"393","ENSG00000164292",294.348385125496,114.909033007989,292
"394","ENSG00000164331",480.837794194626,202.816647045303,425
"395","ENSG00000164542",334.22593584601,125.383097196145,303
"396","ENSG00000164626",368.719964869176,-120.374598617506,439
"397","ENSG00000164751",395.768923184793,177.825585288945,406
"398","ENSG00000164828",317.029926042383,139.836863420018,316
"399","ENSG00000164830",317.323928752325,116.491312856842,332
"400","ENSG00000164877",436.281967751399,-179.460365197422,438
"401","ENSG00000165195",308.334270136389,125.159500582722,362
"402","ENSG00000165215",472.533895425461,-188.177194570859,419
"403","ENSG00000165406",500.10248839491,200.009725616597,420
"404","ENSG00000165506",354.957449264121,137.251570761636,509
"405","ENSG00000165516",244.327903307158,95.195484882586,317
"406","ENSG00000165646",514.273362659755,201.843389257308,449
"407","ENSG00000165672",292.441897941746,115.701729619343,287
"408","ENSG00000165704",427.073010756265,176.828774583816,559
"409","ENSG00000166260",246.532123791008,113.378022060394,266
"410","ENSG00000166575",285.01521042747,113.602014377447,282
"411","ENSG00000166741",160.151906134012,-60.8513280781123,256
"412","ENSG00000166825",391.015500768743,-151.904484926229,501
"413","ENSG00000167721",432.274277991349,-174.561993254539,488
"414","ENSG00000167748",292.373823818987,-127.187499537522,457
"415","ENSG00000167772",242.128278118762,-93.2827317634061,276
"416","ENSG00000168032",489.983390515792,199.690731283466,418
"417","ENSG00000168216",355.590742838908,173.921126123675,394
"418","ENSG00000168917",377.048760814973,150.081522110761,555
"419","ENSG00000168958",297.63768877702,121.193860259606,313
"420","ENSG00000169018",376.500448877825,167.604506675209,478
"421","ENSG00000169019",467.72261650931,200.312115639522,425
"422","ENSG00000169062",288.479340921296,127.83332121578,298
"423","ENSG00000169213",529.36311544418,212.518581710327,504
"424","ENSG00000169255",305.090521182119,107.374623265787,312
"425","ENSG00000169439",303.200318886111,124.915522846546,299
"426","ENSG00000169764",317.210668532445,148.200021955453,451
"427","ENSG00000169826",468.188089378143,199.057761134463,430
"428","ENSG00000169855",314.958261068911,126.9884591187,290
"429","ENSG00000169957",321.727101987809,-113.380984069135,500
"430","ENSG00000170348",310.565321424405,117.119020387386,353
"431","ENSG00000170677",344.680900904524,130.307131824336,313
"432","ENSG00000170827",440.163402530381,-189.551780434045,432
"433","ENSG00000170835",410.069948531714,-172.816776690181,405
"434","ENSG00000170949",329.551856577304,-137.528168128558,446
"435","ENSG00000171109",193.974514371649,77.1035764601403,261
"436","ENSG00000171222",306.750539860512,-111.255333515174,306
"437","ENSG00000171476",464.202392214194,198.873470081113,402
"438","ENSG00000171560",255.127010768971,-112.959148007023,398
"439","ENSG00000171723",326.665532876413,120.462897919643,342
"440","ENSG00000171863",543.337584882763,221.895933183341,445
"441","ENSG00000171928",285.930291046157,122.782987997116,285
"442","ENSG00000171951",373.705452308275,197.170106687313,497
"443","ENSG00000172016",275.351516064456,-84.6821339656023,285
"444","ENSG00000172023",286.695887319836,-99.0980251133843,302
"445","ENSG00000172331",391.334107648383,156.619767139251,537
"446","ENSG00000172869",303.856985748382,136.620730544251,292
"447","ENSG00000172915",331.857726693489,132.22795833973,296
"448","ENSG00000173156",354.758563363246,-141.905054895818,342
"449","ENSG00000173327",323.883103720395,-118.298021221386,360
"450","ENSG00000173404",351.411268292867,139.450950795656,342
"451","ENSG00000173698",391.641857391727,172.945134857356,402
"452","ENSG00000173726",341.501492002487,166.089240044385,411
"453","ENSG00000173918",440.621425385044,-197.427161919948,477
"454","ENSG00000174437",327.538054423432,119.67220075842,336
"455","ENSG00000174827",320.409016969567,114.469804080096,318
"456","ENSG00000175130",266.135383317919,-97.1171001789794,324
"457","ENSG00000175175",479.972156577273,197.012009989307,438
"458","ENSG00000175348",373.205966577715,134.562868283603,499
"459","ENSG00000175426",368.898630968894,157.099099186379,496
"460","ENSG00000175793",303.388380383953,-99.1227638625916,310
"461","ENSG00000175895",445.594456372553,190.676729359753,439
"462","ENSG00000176903",475.98464363957,194.317267502386,506
"463","ENSG00000177463",447.953855720905,170.900086873709,427
"464","ENSG00000177548",302.402782760982,-118.861728266774,310
"465","ENSG00000177707",313.248279538686,118.403013539559,304
"466","ENSG00000178078",449.665075561042,-187.530689129614,415
"467","ENSG00000178988",435.189753797904,209.761574287159,469
"468","ENSG00000179941",240.136383785267,89.357137051106,291
"469","ENSG00000180228",276.063779536964,105.560911228394,282
"470","ENSG00000180479",286.151971979595,105.306440242047,304
"471","ENSG00000180543",314.65516558359,116.329404412418,318
"472","ENSG00000180581",427.824829202338,195.729956714364,415
"473","ENSG00000182013",301.403706965224,110.393612438545,320
"474","ENSG00000182199",417.905717145898,-150.366414116046,526
"475","ENSG00000182240",465.036779018715,-189.189969771545,423
"476","ENSG00000182901",355.376755242113,141.366716965732,470
"477","ENSG00000183044",359.155633308108,165.930462721936,451
"478","ENSG00000183087",427.897016657866,-182.993439610244,503
"479","ENSG00000183291",460.609037905814,189.715525215508,540
"480","ENSG00000183337",303.558745558395,123.046386879871,330
"481","ENSG00000184012",476.811630939903,-194.253006101205,436
"482","ENSG00000184203",301.804206745619,126.089450553128,483
"483","ENSG00000184867",303.087400635664,129.216283689,300
"484","ENSG00000185238",280.288292601714,122.104032140111,283
"485","ENSG00000185499",492.472776973339,-195.490187261906,450
"486","ENSG00000186020",301.224901762141,130.150880624634,387
"487","ENSG00000186063",523.930884327083,210.866908346314,434
"488","ENSG00000186106",314.334877824943,140.374301187463,379
"489","ENSG00000186310",347.461739974485,144.514792928425,533
"490","ENSG00000186462",321.065657498764,141.688885875526,355
"491","ENSG00000186472",311.37329750374,111.296246553792,307
"492","ENSG00000186487",280.576775916439,122.734009057432,289
"493","ENSG00000186501",320.496519372263,-116.354655066504,348
"494","ENSG00000187189",502.166306802105,212.797285861278,438
"495","ENSG00000187244",473.801005150196,-193.85898908523,425
"496","ENSG00000187391",327.889955653595,138.633364537041,327
"497","ENSG00000187601",480.397212519332,214.766110619635,485
"498","ENSG00000187608",293.022819989228,-108.011543981778,301
"499","ENSG00000187908",325.600818270158,-129.584562935334,294
"500","ENSG00000188419",295.707881358315,91.8946582579769,452
"501","ENSG00000188488",441.980882980201,-172.809775965206,412
"502","ENSG00000189241",324.97715205213,144.658789703596,381
"503","ENSG00000189334",456.968695940882,-185.276667047373,519
"504","ENSG00000196126",338.98117612048,-137.197810530626,293
"505","ENSG00000196188",287.893593525888,-88.8725047240425,297
"506","ENSG00000196704",345.825729933306,165.730529951145,502
"507","ENSG00000196865",297.562349318014,111.383092777326,284
"508","ENSG00000197121",296.835007768768,111.114499595182,300
"509","ENSG00000197747",497.026989891843,-201.313638721317,457
"510","ENSG00000197879",407.016064584994,-186.370664766723,493
"511","ENSG00000197905",403.916026726131,-176.833230227824,525
"512","ENSG00000198113",304.193043167113,-116.018088832133,294
"513","ENSG00000198586",299.300700989222,144.89897776017,450
"514","ENSG00000198677",307.875587286851,124.543798469484,285
"515","ENSG00000198682",286.267192897508,104.155739600202,322
"516","ENSG00000198730",293.102231209817,121.3427710438,281
"517","ENSG00000198780",367.491214498782,137.436214875936,497
"518","ENSG00000198843",237.084924158095,95.825992709557,281
"519","ENSG00000198932",465.614835897211,213.743800482539,552
"520","ENSG00000198952",416.954993521756,-162.883383396056,428
"521","ENSG00000198954",315.166851788147,124.444998740651,296
"522","ENSG00000198964",311.811568641273,130.303712577077,290
"523","ENSG00000204103",491.927047307136,212.297893478545,421
"524","ENSG00000204787",295.970797568389,-109.734620337649,306
"525","ENSG00000205358",338.932031916957,-112.767325350812,437
"526","ENSG00000213190",428.123666466777,165.557166422185,411
"527","ENSG00000213204",388.09326551623,158.829913853352,426
"528","ENSG00000213341",292.72948804982,112.077354351955,414
"529","ENSG00000221886",298.548042064343,102.306794965437,300
"530","ENSG00000224389",421.124092385845,-173.592118454171,490
"531","ENSG00000227051",445.150031809086,188.616006774072,463
"532","ENSG00000227507",301.001721771004,-104.202528591772,289
"533","ENSG00000229419",330.869708889292,123.859174432036,308
"534","ENSG00000231245",302.572276429404,117.141708110001,295
"535","ENSG00000231607",325.77791692376,119.74485209129,479
"536","ENSG00000231989",482.83255082976,218.193511979745,419
"537","ENSG00000233247",491.87230755644,220.588070160006,423
"538","ENSG00000234801",494.201974776907,208.227547227361,411
"539","ENSG00000236287",400.511714769319,170.781175612087,420
"540","ENSG00000238041",462.565593510461,168.899010217213,430
"541","ENSG00000240694",505.332987086748,224.264772248963,532
"542","ENSG00000254685",309.763840833449,115.394865406396,293
"543","ENSG00000260230",343.096390883023,139.435059317301,358
"544","ENSG00000270757",471.199067559783,198.439659674555,408
"545","ENSG00000273259",317.791634806324,-131.644225976177,470
"546","ENSG00000273294",295.376808859317,106.758281218908,302
"547","ENSG00000274247",415.975146196575,-178.702849877316,428
"548","ENSG00000275052",344.349817745877,145.243382997802,521
"549","ENSG00000276194",509.209322265277,-216.099828674864,452
"550","ENSG00000276495",330.030427181318,-126.007062383505,296
"551","ENSG00000276856",315.621353288201,108.880649828915,298
"552","ENSG00000277236",430.905006911437,-173.181505714481,521
"553","ENSG00000277816",321.804385553969,-125.808133072799,301
"554","ENSG00000278494",297.106917921482,111.086694700785,287
"555","ENSG00000278574",434.186210223751,203.371503717066,415
"556","ENSG00000281442",524.297434166892,-208.052805231432,428
"557","ENSG00000281931",383.835484276083,169.8539524502,496
"558","ENSG00000282046",249.118341123519,67.4942417241933,359
"559","ENSG00000282049",299.452446752841,-113.642534062626,399
"560","ENSG00000282947",395.98032690907,-142.176369883205,452
"561","ENSG00000282992",440.168201476643,-158.876428306772,517
"562","ENSG00000283100",458.049084804014,-190.163935961681,481
"563","ENSG00000283738",456.277322883542,-184.429462836467,416
"564","ENSG00000284468",395.017824751874,151.878295024218,521
"565","ENSG00000284881",477.376332063933,-194.118878619422,426
"566","ENSG00000284980",309.280614190775,126.308167373082,294
"567","ENSG00000285188",311.632008646677,-109.043243161152,309
"568","ENSG00000285281",328.127716235841,131.791644488145,384
"569","ENSG00000285433",307.085489560356,-96.4832678259867,317
"570","ENSG00000285982",297.848241873181,104.934508326113,346
"571","ENSG00000286070",392.129747013395,-157.151406186015,425
"572","ENSG00000288512",474.876054056324,-208.543459462672,456
"573","ENSG00000288681",278.903320103181,-123.766633919315,302
"574","ENSG00000291649",351.384584262968,131.242237357807,333
"575","ENSG00000292096",167.003685681093,69.2822393591438,287
"576","ENSG00000292366",240.419480905319,118.449588369923,445
